name,base_status,base_obj,base_time,q_status,q_obj,q_time
AUG2D.QPS,optimal,1687411.7529,0.095,optimal,1687411.7529,0.1
AUG2DC.QPS,optimal,1818368.06557,0.104,optimal,1818368.06557,0.095
AUG2DCQP.QPS,optimal,6498134.73947,0.475,optimal,6498134.73947,0.493
AUG2DQP.QPS,optimal,6237012.03565,0.438,optimal,6237012.03565,0.461
AUG3D.QPS,optimal,554.067725793,0.018,optimal,554.067725793,0.018
AUG3DC.QPS,optimal,771.262438689,0.019,optimal,771.262438689,0.018
AUG3DCQP.QPS,optimal,993.362190639,0.053,optimal,993.362190639,0.053
AUG3DQP.QPS,optimal,675.240475669,0.049,optimal,675.240475669,0.048
BOYD1.QPS,hard-timeout,,45.05219769477844,hard-timeout,,45.024696826934814
BOYD2.QPS,hard-timeout,,45.0340530872345,hard-timeout,,45.05534505844116
CONT-050.QPS,optimal,-4.56385087241,0.101,optimal,-4.56385090441,0.073
CONT-100.QPS,optimal,-4.64439786708,0.573,optimal,-4.64439793448,0.606
CONT-101.QPS,numerical_error,0,1.061,numerical_error,0,1.003
CONT-200.QPS,optimal,-4.68487591798,5.488,optimal,-4.68487934083,5.271
CONT-201.QPS,optimal,0.192495955644,8.966,optimal,0.192484766503,9.125
CONT-300.QPS,optimal,0.378073505142,12.759,optimal,0.194019068138,24.008
CVXQP1_L.QPS,time_limit,0,16.72,time_limit,0,15.577
CVXQP1_M.QPS,optimal,1087511.56747,0.533,optimal,1087511.56732,0.509
CVXQP1_S.QPS,optimal,11590.7181195,0.004,optimal,11590.7181195,0.004
CVXQP2_L.QPS,time_limit,0,16.519,time_limit,0,15.259
CVXQP2_M.QPS,optimal,820155.431016,0.49,optimal,820155.431016,0.484
CVXQP2_S.QPS,optimal,8120.94047725,0.005,optimal,8120.94047725,0.004
CVXQP3_L.QPS,time_limit,0,17.192,time_limit,0,17.151
CVXQP3_M.QPS,optimal,1362828.7427,0.587,optimal,1362828.7416,0.532
CVXQP3_S.QPS,optimal,11943.4322023,0.005,optimal,11943.4322023,0.004
DPKLO1.QPS,optimal,1056.13604584,0.005,optimal,1056.13604584,0.005
DTOC3.QPS,optimal,235.260422755,0.063,optimal,235.262481035,0.056
DUAL1.QPS,optimal,0.035012965742,0.006,optimal,0.035012965742,0.006
DUAL2.QPS,optimal,0.0337336761228,0.007,optimal,0.0337336761228,0.006
DUAL3.QPS,optimal,0.135755837064,0.008,optimal,0.135755837064,0.008
DUAL4.QPS,optimal,0.746090843899,0.005,optimal,0.746090850324,0.004
DUALC1.QPS,optimal,6155.25083577,0.003,optimal,6155.25083453,0.003
DUALC2.QPS,optimal,3551.30769447,0.003,optimal,3551.30769342,0.003
DUALC5.QPS,optimal,427.23232678,0.003,optimal,427.232327035,0.003
DUALC8.QPS,optimal,18309.3588329,0.004,optimal,18309.3588375,0.004
EXDATA.QPS,optimal,-141.843432148,6.392,optimal,-141.84343218,5.887
GENHS28.QPS,optimal,0.927173693766,0.003,optimal,0.927173693766,0.002
GOULDQP2.QPS,optimal,0.000184274503366,0.137,optimal,0.000184274503366,0.136
GOULDQP3.QPS,optimal,2.06278397149,0.137,optimal,2.06278397149,0.137
HS118.QPS,optimal,664.820451074,0.003,optimal,664.820450025,0.002
HS21.QPS,optimal,-99.96,0.002,optimal,-99.9599999868,0.002
HS268.QPS,optimal,4.13092493545e-09,0.002,optimal,7.0776877692e-09,0.002
HS35.QPS,optimal,0.111111111321,0.002,optimal,0.111111111151,0.002
HS35MOD.QPS,optimal,0.250000011689,0.002,optimal,0.250000009317,0.002
HS51.QPS,optimal,0,0.002,optimal,0,0.002
HS52.QPS,optimal,5.32664756447,0.002,optimal,5.32664756447,0.002
HS53.QPS,optimal,4.09302325581,0.002,optimal,4.09302325581,0.002
HS76.QPS,optimal,-4.68181818172,0.002,optimal,-4.68181818172,0.002
HUES-MOD.QPS,iteration_limit,0,0.918,optimal,34824464.7465,0.347
HUESTIS.QPS,iteration_limit,0,0.819,optimal,348244638733,0.356
KSIP.QPS,optimal,0.575797941265,0.081,optimal,0.575797941265,0.08
LASER.QPS,optimal,2409601.3456,0.414,optimal,2409601.34563,0.42
LISWET1.QPS,optimal,36.1224020157,0.209,optimal,36.1224020157,0.178
LISWET10.QPS,optimal,49.4857622189,0.191,optimal,49.4857622189,0.195
LISWET11.QPS,optimal,49.5239509401,0.177,optimal,49.5239509401,0.173
LISWET12.QPS,optimal,1736.92729436,0.2,optimal,1736.92729436,0.204
LISWET2.QPS,optimal,24.9980761012,0.134,optimal,24.9980761012,0.134
LISWET3.QPS,optimal,25.0012200003,0.102,optimal,25.0012200003,0.11
LISWET4.QPS,optimal,25.0001120865,0.116,optimal,25.0001120865,0.117
LISWET5.QPS,optimal,25.0342534017,0.111,optimal,25.0342534017,0.111
LISWET6.QPS,optimal,24.9957475571,0.113,optimal,24.9957475571,0.113
LISWET7.QPS,optimal,498.840893,0.133,optimal,498.840893,0.135
LISWET8.QPS,optimal,714.46967477,0.227,optimal,714.46967477,0.23
LISWET9.QPS,optimal,1963.25118215,0.265,optimal,1963.25118215,0.288
LOTSCHD.QPS,optimal,2398.41589147,0.003,optimal,2398.41589148,0.002
MOSARQP1.QPS,optimal,-952.875443031,0.018,optimal,-952.875443031,0.018
MOSARQP2.QPS,optimal,-1597.48109359,0.298,optimal,-1597.48202519,0.302
POWELL20.QPS,numerical_error,0,0.426,numerical_error,0,0.42
PRIMAL1.QPS,optimal,-0.0350129656932,0.024,optimal,-0.0350129656932,0.022
PRIMAL2.QPS,optimal,-0.033733676084,0.116,optimal,-0.033733676084,0.118
PRIMAL3.QPS,optimal,-0.135755832043,0.194,optimal,-0.135755832043,0.192
PRIMAL4.QPS,optimal,-0.746090707717,1.373,optimal,-0.746090707717,1.376
PRIMALC1.QPS,optimal,-6155.25082281,0.009,optimal,-6155.25022077,0.009
PRIMALC2.QPS,optimal,-3551.3076661,0.01,optimal,-3551.30761774,0.009
PRIMALC5.QPS,optimal,-427.232326722,0.014,optimal,-427.232294264,0.014
PRIMALC8.QPS,optimal,-18309.4297901,0.06,optimal,-18309.4294092,0.06
Q25FV47.QPS,numerical_error,103058.73876,3.456,numerical_error,103058.73876,3.485
QADLITTL.QPS,optimal,480318.858584,0.004,optimal,480318.85855,0.004
QAFIRO.QPS,optimal,-1.5907816876,0.003,optimal,-1.59078161244,0.002
QBANDM.QPS,optimal,16352.3424715,0.038,optimal,16352.3586854,0.032
QBEACONF.QPS,optimal,164712.060173,0.008,optimal,164712.060184,0.008
QBORE3D.QPS,optimal,3100.20080126,0.004,optimal,3100.20080126,0.004
QBRANDY.QPS,numerical_error,662.76,0.026,numerical_error,662.76,0.026
QCAPRI.QPS,numerical_error,162555.605048,0.089,optimal,66793296.3327,0.028
QE226.QPS,optimal,212.653433328,0.016,optimal,212.653433089,0.016
QETAMACR.QPS,optimal,86760.4119582,0.115,optimal,86760.369953,0.091
QFFFFF80.QPS,numerical_error,0,0.402,numerical_error,0,0.396
QFORPLAN.QPS,optimal,7456631460.08,0.043,optimal,7456631467.89,0.045
QGFRDXPN.QPS,optimal,100790586805,0.504,optimal,100790585037,0.508
QGROW15.QPS,optimal,-101693640.468,0.145,optimal,-101693640.468,0.135
QGROW22.QPS,optimal,-149628953.471,0.404,optimal,-149628953.471,0.41
QGROW7.QPS,optimal,-42798713.8725,0.036,optimal,-42798713.8725,0.031
QISRAEL.QPS,optimal,25347837.7896,0.014,optimal,25347837.7902,0.014
QPCBLEND.QPS,optimal,-0.00784250525413,0.004,optimal,-0.00784254157457,0.004
QPCBOEI1.QPS,numerical_error,41.6385,0.05,numerical_error,41.6385,0.049
QPCBOEI2.QPS,numerical_error,0,0.017,numerical_error,0,0.016
QPCSTAIR.QPS,numerical_error,204468.219287,0.114,numerical_error,204468.219287,0.113
QPILOTNO.QPS,numerical_error,3177765.67704,2.986,numerical_error,3177765.67704,2.996
QPTEST.QPS,optimal,4.37187500005,0.003,optimal,4.37187500001,0.002
QRECIPE.QPS,optimal,-266.6153603,0.005,optimal,-266.6153603,0.005
QSC205.QPS,numerical_error,0,0.008,numerical_error,0,0.008
QSCAGR25.QPS,optimal,201737938.371,0.053,optimal,201737938.376,0.053
QSCAGR7.QPS,optimal,26865948.6009,0.005,optimal,26865948.5891,0.005
QSCFXM1.QPS,numerical_error,0,0.076,numerical_error,0,0.076
QSCFXM2.QPS,optimal,27776161.6121,0.308,optimal,27776166.4604,0.305
QSCFXM3.QPS,optimal,30816354.9075,0.992,numerical_error,110340,1.109
QSCORPIO.QPS,numerical_error,0,0.027,numerical_error,0,0.027
QSCRS8.QPS,optimal,904.560057406,0.613,optimal,904.560025688,0.614
QSCSD1.QPS,optimal,8.66666667661,0.176,optimal,8.66666688744,0.175
QSCSD6.QPS,optimal,50.8082139021,1.011,optimal,50.8082139342,1.016
QSCSD8.QPS,optimal,940.763574219,0.027,optimal,940.763574219,0.027
QSCTAP1.QPS,optimal,1415.86111114,0.048,optimal,1415.86111235,0.047
QSCTAP2.QPS,optimal,1735.02649783,2.778,optimal,1735.02651353,2.772
QSCTAP3.QPS,optimal,1438.75468737,0.035,optimal,1438.75476608,0.031
QSEBA.QPS,numerical_error,0,0.33,numerical_error,0,0.329
QSHARE1B.QPS,numerical_error,0,0.03,numerical_error,0,0.031
QSHARE2B.QPS,optimal,11703.6917227,0.005,optimal,11703.6917219,0.005
QSHELL.QPS,numerical_error,49562289580,1.439,numerical_error,49562289580,1.441
QSHIP04L.QPS,numerical_error,173.530333601,2.99,numerical_error,173.530333601,2.99
QSHIP04S.QPS,numerical_error,15249.5020022,0.929,numerical_error,15249.5020022,0.923
QSHIP08L.QPS,numerical_error,1696.51231886,0.759,numerical_error,1696.51231886,0.735
QSHIP08S.QPS,numerical_error,35582.6965831,1.935,numerical_error,35582.6965831,1.943
QSHIP12L.QPS,numerical_error,3713.37359554,1.167,numerical_error,3713.37359554,1.258
QSHIP12S.QPS,numerical_error,24925.4011798,3.502,numerical_error,24925.4011798,3.479
QSIERRA.QPS,optimal,23750458.182,0.079,optimal,23750458.309,0.086
QSTAIR.QPS,optimal,7985452.75629,0.048,optimal,7985452.75629,0.046
QSTANDAT.QPS,optimal,6411.83868426,0.476,optimal,6411.83868426,0.474
S268.QPS,optimal,4.13092493545e-09,0.003,optimal,7.0776877692e-09,0.002
STADAT1.QPS,optimal,-28526743.8285,0.076,optimal,-28526864.1303,0.113
STADAT2.QPS,optimal,-32.6266648617,0.036,optimal,-32.6266646399,0.07
STADAT3.QPS,optimal,-35.7794529372,0.075,optimal,-35.7794528662,0.144
STCQP1.QPS,optimal,155143.554709,0.027,optimal,155143.55475,0.028
STCQP2.QPS,optimal,22327.3135284,0.031,optimal,22327.3132807,0.032
TAME.QPS,optimal,0,0.003,optimal,0,0.002
UBH1.QPS,optimal,1.12700460787,0.588,optimal,1.12675670456,0.581
VALUES.QPS,feasible,8817.34096875,15.115,feasible,8817.34096875,15.138
YAO.QPS,optimal,197.70022563,3.339,optimal,197.70022563,3.337
ZECEVIC2.QPS,optimal,-4.12499999984,0.003,optimal,-4.12499999984,0.002
