instance,base_status,base_obj,gapcheck_status,gapcheck_obj
25fv47.mps,optimal,5501.84588829,optimal,5501.84588829
80bau3b.mps,optimal,987224.192409,optimal,987224.192409
adlittle.mps,optimal,225494.963162,optimal,225494.963162
afiro.mps,optimal,-464.753142857,optimal,-464.753142857
agg.mps,optimal,-35991767.2866,optimal,-35991767.2866
agg2.mps,optimal,-20239252.356,optimal,-20239252.356
agg3.mps,optimal,10312115.9351,optimal,10312115.9351
bandm.mps,optimal,-158.62801845,optimal,-158.62801845
beaconfd.mps,optimal,33592.4858072,optimal,33592.4858072
blend.mps,optimal,-30.8121498458,optimal,-30.8121498458
bnl1.mps,optimal,1977.62956152,optimal,1977.62956152
bnl2.mps,optimal,1811.23654036,optimal,1811.23654036
boeing1.mps,optimal,-335.213567507,optimal,-335.213567507
boeing2.mps,optimal,-315.018728015,optimal,-315.018728015
bore3d.mps,optimal,1373.08039421,optimal,1373.08039421
brandy.mps,optimal,1518.50989649,optimal,1518.50989649
capri.mps,optimal,2690.01291377,optimal,2690.01291377
cre-a.mps,optimal,23595407.061,optimal,23595407.061
cre-b.mps,optimal,23129639.7966,optimal,23129639.7966
cre-c.mps,optimal,25275116.1409,optimal,25275116.1409
cre-d.mps,optimal,24454969.6798,optimal,24454969.6798
cycle.mps,optimal,-5.22639302489,optimal,-5.22639302489
czprob.mps,optimal,2185196.69886,optimal,2185196.69886
d2q06c.mps,optimal,122784.210814,optimal,122784.210814
d6cube.mps,time_limit,318.327226638,time_limit,318.327226247
degen2.mps,optimal,-1435.178,optimal,-1435.178
degen3.mps,optimal,-987.29400177,optimal,-987.29400177
dfl001.mps,time_limit,1978177291.36,time_limit,1963436293.71
e226.mps,optimal,-11.6389290664,optimal,-11.6389290664
etamacro.mps,optimal,-755.715233308,optimal,-755.715233308
fffff800.mps,optimal,555679.564817,optimal,555679.564817
finnis.mps,optimal,172791.065596,optimal,172791.065596
fit1d.mps,optimal,-9146.37809242,optimal,-9146.37809242
fit1p.mps,optimal,9146.37809242,optimal,9146.37809242
fit2d.mps,optimal,-68464.2932938,optimal,-68464.2932938
fit2p.mps,time_limit,69458.4990861,time_limit,69544.4336688
forplan.mps,optimal,-664.218961272,optimal,-664.218961272
ganges.mps,optimal,-109585.736129,optimal,-109585.736129
gfrd-pnc.mps,optimal,6902235.99955,optimal,6902235.99955
greenbea.mps,optimal,-72555248.1298,optimal,-72555248.1298
greenbeb.mps,optimal,-4302260.26121,optimal,-4302260.26121
grow15.mps,optimal,-106870941.294,optimal,-106870941.294
grow22.mps,optimal,-160834336.483,optimal,-160834336.483
grow7.mps,optimal,-47787811.8147,optimal,-47787811.8147
israel.mps,optimal,-896644.821863,optimal,-896644.821863
kb2.mps,optimal,-1749.90012991,optimal,-1749.90012991
ken-07.mps,optimal,-679520443.382,optimal,-679520443.382
ken-11.mps,optimal,-6972382262.52,optimal,-6972382262.52
ken-13.mps,time_limit,-6408494012.05,time_limit,-6401905799.08
ken-18.mps,time_limit,-8655075502.71,time_limit,-8667812651.34
lotfi.mps,optimal,-25.2647060619,optimal,-25.2647060619
maros-r7.mps,optimal,1497185.16648,optimal,1497185.16648
maros.mps,optimal,-58063.7437011,optimal,-58063.7437011
modszk1.mps,optimal,320.619729064,optimal,320.619729064
nesm.mps,optimal,14076036.4876,optimal,14076036.4876
osa-07.mps,optimal,535722.517299,optimal,535722.517299
osa-14.mps,optimal,1106462.84474,optimal,1106462.84474
osa-30.mps,optimal,2142139.87321,optimal,2142139.87321
osa-60.mps,optimal,4044072.50316,optimal,4044072.50316
pds-02.mps,optimal,28857862010,optimal,28857862010
pds-06.mps,optimal,27761037600,optimal,27761037600
pds-10.mps,time_limit,26727095344.3,time_limit,26727095470.2
pds-20.mps,time_limit,24514717139.1,time_limit,24525334787.6
perold.mps,optimal,-9380.75527808,optimal,-9380.75527808
pilot.ja.mps,optimal,-6113.13646558,optimal,-6113.13646558
pilot.mps,optimal,-557.489729285,optimal,-557.489729285
pilot.we.mps,optimal,-2720107.53287,optimal,-2720107.53287
pilot4.mps,optimal,-2581.13925888,optimal,-2581.13925888
pilot87.mps,time_limit,303.756514146,time_limit,303.606377027
pilotnov.mps,optimal,-4497.27618822,optimal,-4497.27618822
qap12.mps,time_limit,5.79713805169e-05,time_limit,0.000368763653663
qap15.mps,time_limit,-6.78454099005e-05,time_limit,-6.78454099005e-05
qap8.mps,optimal,203.5,optimal,203.5
recipe.mps,optimal,-266.616,optimal,-266.616
sc105.mps,optimal,-52.2020612117,optimal,-52.2020612117
sc205.mps,optimal,-52.2020612117,optimal,-52.2020612117
sc50a.mps,optimal,-64.5750770586,optimal,-64.5750770586
sc50b.mps,optimal,-70,optimal,-70
scagr25.mps,optimal,-14753433.0608,optimal,-14753433.0608
scagr7.mps,optimal,-2331389.82433,optimal,-2331389.82433
scfxm1.mps,optimal,18416.7590283,optimal,18416.7590283
scfxm2.mps,optimal,36660.261565,optimal,36660.261565
scfxm3.mps,optimal,54901.2545498,optimal,54901.2545498
scorpion.mps,optimal,1878.12482274,optimal,1878.12482274
scrs8.mps,optimal,904.296953801,optimal,904.296953801
scsd1.mps,optimal,8.66666667433,optimal,8.66666667433
scsd6.mps,optimal,50.5000000783,optimal,50.5000000783
scsd8.mps,optimal,904.999999925,optimal,904.999999925
sctap1.mps,optimal,1412.25,optimal,1412.25
sctap2.mps,optimal,1724.80714286,optimal,1724.80714286
sctap3.mps,optimal,1424,optimal,1424
seba.mps,optimal,15711.6,optimal,15711.6
share1b.mps,optimal,-76589.3185792,optimal,-76589.3185792
share2b.mps,optimal,-415.732240741,optimal,-415.732240741
shell.mps,optimal,1208825346,optimal,1208825346
ship04l.mps,optimal,1793324.53797,optimal,1793324.53797
ship04s.mps,optimal,1798714.70045,optimal,1798714.70045
ship08l.mps,optimal,1909055.21139,optimal,1909055.21139
ship08s.mps,optimal,1920098.21053,optimal,1920098.21053
ship12l.mps,optimal,1470187.91933,optimal,1470187.91933
ship12s.mps,optimal,1489236.13441,optimal,1489236.13441
sierra.mps,optimal,15394362.1836,optimal,15394362.1836
stair.mps,optimal,-251.266951193,optimal,-251.266951193
standata.mps,optimal,1257.6995,optimal,1257.6995
standgub.mps,optimal,1257.6995,optimal,1257.6995
standmps.mps,optimal,1406.0175,optimal,1406.0175
stocfor1.mps,optimal,-41131.9762194,optimal,-41131.9762194
stocfor2.mps,optimal,-39024.4085379,optimal,-39024.4085379
stocfor3.mps,optimal,-39976.7839436,optimal,-39976.7839436
truss.mps,optimal,458815.847186,optimal,458815.847186
tuff.mps,optimal,0.292147765094,optimal,0.292147765094
vtp.base.mps,optimal,129831.462461,optimal,129831.462461
wood1p.mps,optimal,1.44290241157,optimal,1.44290241157
woodw.mps,optimal,1.30447633308,optimal,1.30447633308
