name,status,objective,reference,rel_diff,iterations,time,primal_infeas,verdict
25fv47,optimal,5501.84588829,5501.845888,5.270010772880546e-11,13244.0,1.1001,1.723e-12,match
80bau3b,optimal,987224.192409,987224.1924,9.116412531206901e-12,20909.0,2.0115,1.137e-12,match
adlittle,optimal,225494.963162,225494.9632,1.685174216566352e-10,124.0,0.0009,2.274e-13,match
afiro,optimal,-464.753142857,-464.7531429,9.232358527391544e-11,15.0,0.0002,4.263e-14,match
agg,optimal,-35991767.2866,-35991767.29,9.4465987950497e-11,144.0,0.0031,1.164e-10,match
agg2,optimal,-20239252.356,-20239252.36,1.9763578154303478e-10,201.0,0.0048,2.91e-11,match
agg3,optimal,10312115.9351,10312115.94,4.751690807330928e-10,199.0,0.0049,2.91e-11,match
bandm,optimal,-158.62801845,-158.6280185,3.132281117724736e-10,1371.0,0.0288,4.378e-11,match
beaconfd,optimal,33592.4858072,33592.48581,8.334947759053629e-11,83.0,0.0012,8.065e-12,match
blend,optimal,-30.8121498458,-30.81214985,1.3202503971951956e-10,62.0,0.0006,3.553e-15,match
bnl1,optimal,1977.62956152,1977.629562,2.425922277826635e-10,8002.0,0.2667,1.137e-12,match
bnl2,optimal,1811.23654036,1811.23654,1.9864947146169315e-10,10628.0,1.1606,4.334e-13,match
boeing1,optimal,-335.213567507,-335.2135675,2.0820048600847147e-11,1284.0,0.0193,1.364e-12,match
boeing2,optimal,-315.018728015,-315.018728,4.746557899963005e-11,223.0,0.0022,1.137e-13,match
bore3d,optimal,1373.08039421,1373.080394,1.528293587812732e-10,121.0,0.0017,1.819e-12,match
brandy,optimal,1518.50989649,1518.509896,3.2247242939193673e-10,891.0,0.0137,1.027e-12,match
capri,optimal,2690.01291377,2690.012914,8.546961636565427e-11,292.0,0.0036,1.922e-12,match
cre-a,optimal,23595407.061,23595407.06,4.238121349777252e-11,3964.0,0.3964,9.459e-14,match
cre-b,optimal,23129639.7966,23129639.89,4.038108588458889e-09,21511.0,10.9245,3.412e-06,match
cre-c,optimal,25275116.1409,25275116.14,3.5608156781267076e-11,4611.0,0.3868,2.274e-13,match
cre-d,optimal,24454969.6798,24454969.76,3.27949693272929e-09,18899.0,7.7399,3.544e-06,match
cycle,optimal,-5.22639302489,-5.226393025,1.7666730747605e-11,6679.0,0.5673,9.095e-13,match
czprob,optimal,2185196.69886,2185196.699,6.406749136271042e-11,3934.0,0.1871,1.819e-12,match
d2q06c,optimal,122784.210814,122784.2108,1.1402028508388228e-10,53331.0,33.4647,2.787e-08,match
d6cube,time_limit,318.327229233,315.4916667,0.008959359222838045,2506573.0,300.0089,7.446e-06,not solved
degen2,optimal,-1435.178,-1435.178,0.0,4195.0,0.123,2.22e-16,match
degen3,optimal,-987.29400177,-987.294,1.790965077061124e-09,52607.0,6.1543,1.117e-07,match
dfl001,time_limit,16112109.8815,11266396.05,0.43010323619830165,441782.0,300.0209,5.835e-13,not solved
e226,optimal,-11.6389290664,-11.63892907,2.8483428286739613e-10,1195.0,0.0186,9.059e-14,match
etamacro,optimal,-755.715233308,-755.7152334,1.2157801574110687e-10,602.0,0.0085,1.847e-13,match
fffff800,optimal,555679.564817,555679.5648,3.0592929990024434e-11,1098.0,0.0287,4.366e-11,match
finnis,optimal,172791.065596,172791.0656,2.3149218919592704e-11,516.0,0.0075,1.087e-12,match
fit1d,optimal,-9146.37809242,-9146.378092,4.591470824605416e-11,1333.0,0.0281,7.276e-12,match
fit1p,optimal,9146.37809242,9146.378092,4.591470824605416e-11,1867.0,0.1384,2.842e-14,match
fit2d,optimal,-68464.2932938,-68464.29329,5.550257142912692e-11,18769.0,3.3129,4.405e-13,match
fit2p,optimal,68464.2932938,68464.29329,5.550257142912692e-11,23728.0,33.7784,2.274e-13,match
forplan,optimal,-664.218961272,-664.21873953,3.333369714818553e-07,248.0,0.0049,2.046e-12,match
ganges,optimal,-109585.736129,-109585.7361,2.646305891902488e-10,1295.0,0.0408,1.165e-11,match
gfrd-pnc,optimal,6902235.99955,6902236.0,6.519627866922063e-11,1290.0,0.0213,5.684e-12,match
greenbea,optimal,-72555248.1298,-72555248.13,2.756361349187878e-12,15745.0,2.0264,5.783e-08,match
greenbeb,optimal,-4302260.26121,-4302260.261,4.881158751640625e-11,17728.0,2.5187,1.7e-11,match
grow15,optimal,-106870941.294,-106870941.3,5.614245677130462e-11,347.0,0.009,2.528e-08,match
grow22,optimal,-160834336.483,-160834336.5,1.0569875818962539e-10,538.0,0.0186,3.801e-08,match
grow7,optimal,-47787811.8147,-47787811.81,9.835138558402e-11,166.0,0.0029,2.247e-09,match
israel,optimal,-896644.821863,-896644.8219,4.126482451218704e-11,740.0,0.0123,1.606e-11,match
kb2,optimal,-1749.90012991,-1749.90013,5.140210807377225e-11,56.0,0.0005,4.547e-12,match
ken-07,optimal,-679520443.382,-679520443.4,2.6489279055634276e-11,6111.0,0.3258,0.0,match
ken-11,optimal,-6972382262.52,-6972382263.0,6.884297562322067e-11,23548.0,36.2524,0.0,match
ken-13,optimal,-10257394789.5,-10257394789.0,4.874532083794349e-11,78777.0,100.6786,0.0,match
ken-18,time_limit,-30820945288.0,-52217025287.0,0.4097529470702544,99372.0,300.1474,18830.0,not solved
lotfi,optimal,-25.2647060619,-25.26470606,7.234036339525155e-11,257.0,0.0029,1.819e-12,match
maros,optimal,-58063.7437011,-58063.7437,1.8944389140308784e-11,5206.0,0.2432,1.397e-09,match
maros-r7,optimal,1497185.16648,1497185.166,3.206013657933566e-10,3744.0,1.8104,6.463e-07,match
modszk1,optimal,320.619729064,320.6197291,1.1193330846596131e-10,1150.0,0.0474,2.005e-10,match
nesm,optimal,14076036.4876,14076036.49,1.7050250470259266e-10,5701.0,0.2212,1e-08,match
osa-07,optimal,535722.517299,535722.5173,1.866431408893356e-12,1446.0,0.2757,0.0,match
osa-14,optimal,1106462.84474,1106462.845,2.3498272037301257e-10,3234.0,1.5247,2.22e-16,match
osa-30,optimal,2142139.87321,2142139.873,9.803264530607668e-11,7967.0,8.1818,0.0,match
osa-60,optimal,4044072.50316,4044072.503,3.95640240505978e-11,7921.0,18.1062,0.0,match
pds-02,optimal,28857862010.0,28857862010.0,0.0,5797.0,0.5415,0.0,match
pds-06,optimal,27761037600.0,27761037600.0,0.0,50937.0,25.152,2.615e-12,match
pds-10,optimal,26727094976.0,26727094976.0,0.0,42546.0,52.1607,1.006e-07,match
pds-20,time_limit,23821688060.3,23821658640.0,1.2350231544583176e-06,175359.0,300.1054,1.01e-07,not solved
perold,optimal,-9380.75527808,-9380.755278,8.527098778151135e-12,8903.0,0.4599,3.98e-08,match
pilot,optimal,-557.489729287,-557.4897293,2.327701929796092e-11,71336.0,18.4754,7.283e-08,match
pilot.ja,optimal,-6113.13646558,-6113.136466,6.869328287662551e-11,5173.0,10.701,1.932e-08,match
pilot.we,optimal,-2720107.53287,-2720107.533,4.7792060986956284e-11,12204.0,0.8266,3.301e-06,match
pilot4,optimal,-2581.13925888,-2581.13926,4.337488672018324e-10,4011.0,0.1489,6.168e-08,match
pilot87,optimal,301.710871647,301.7103473,1.7321740225585627e-06,37452.0,52.959,6.157e-09,OBJECTIVE MISMATCH
pilotnov,optimal,-4497.27618822,-4497.276188,4.89077132442093e-11,6690.0,0.4609,2.164e-09,match
qap12,time_limit,526.799428757,522.8943506,0.007453942102119576,117009.0,300.0114,1.347e-08,not solved
qap15,time_limit,0.000236854881555,1040.994041,0.9990400743041471,20302.0,302.0214,1.0,not solved
qap8,optimal,203.5,203.5,0.0,9932.0,1.3712,2.486e-14,match
recipe,optimal,-266.616,-266.616,0.0,54.0,0.0005,0.0,match
sc105,optimal,-52.2020612117,-52.20206121,3.1953685221051796e-11,68.0,0.0006,1.137e-13,match
sc205,optimal,-52.2020612117,-52.20206121,3.1953685221051796e-11,162.0,0.0023,8.527e-13,match
sc50a,optimal,-64.5750770586,-64.57507706,2.1349522194870916e-11,25.0,0.0003,8.527e-14,match
sc50b,optimal,-70.0,-70.0,0.0,25.0,0.0002,1.137e-13,match
scagr25,optimal,-14753433.0608,-14753433.06,5.422457156487261e-11,873.0,0.0134,1.091e-11,match
scagr7,optimal,-2331389.82433,-2331389.824,1.415464885077439e-10,176.0,0.0013,1.819e-12,match
scfxm1,optimal,18416.7590283,18416.75903,9.230232776600226e-11,589.0,0.0092,1.819e-12,match
scfxm2,optimal,36660.261565,36660.26156,1.3638378713443215e-10,1654.0,0.0423,3.638e-12,match
scfxm3,optimal,54901.2545498,54901.25455,3.642732863710054e-12,2511.0,0.0942,4.69e-12,match
scorpion,optimal,1878.12482274,1878.124823,1.3836239246657418e-10,335.0,0.0045,4.163e-16,match
scrs8,optimal,904.296953801,904.2969538,1.1045982430426406e-12,1209.0,0.025,2.842e-14,match
scsd1,optimal,8.66666667433,8.666666674,3.413784195264399e-11,205.0,0.0024,0.0,match
scsd6,optimal,50.5000000783,50.50000008,3.3009745910188167e-11,724.0,0.0119,2.22e-16,match
scsd8,optimal,904.999999925,904.9999999,2.7593778136223162e-11,2423.0,0.0794,1.776e-15,match
sctap1,optimal,1412.25,1412.25,0.0,452.0,0.0057,7.105e-15,match
sctap2,optimal,1724.80714286,1724.807143,8.112139543158647e-11,1298.0,0.0424,7.105e-15,match
sctap3,optimal,1424.0,1424.0,0.0,1579.0,0.0667,3.553e-15,match
seba,optimal,15711.6,15711.6,0.0,352.0,0.0147,0.0,match
share1b,optimal,-76589.3185792,-76589.31858,1.0445263924043806e-11,327.0,0.0035,2.281e-10,match
share2b,optimal,-415.732240741,-415.7322407,9.838456723927673e-11,129.0,0.0015,2.274e-13,match
shell,optimal,1208825346.0,1208825346.0,0.0,977.0,0.0174,0.0,match
ship04l,optimal,1793324.53797,1793324.538,1.6728694801064862e-11,565.0,0.0092,1.732e-14,match
ship04s,optimal,1798714.70045,1798714.7,2.50178465703258e-10,468.0,0.0059,5.773e-14,match
ship08l,optimal,1909055.21139,1909055.211,2.0428951931195415e-10,957.0,0.023,1.776e-14,match
ship08s,optimal,1920098.21053,1920098.211,2.447789420614399e-10,855.0,0.0163,1.504e-14,match
ship12l,optimal,1470187.91933,1470187.919,2.2446091613191647e-10,1812.0,0.0692,4.041e-14,match
ship12s,optimal,1489236.13441,1489236.134,2.753086482688193e-10,1436.0,0.0363,1.771e-14,match
sierra,optimal,15394362.1836,15394362.18,2.338517956478986e-10,1103.0,0.0373,4.121e-13,match
stair,optimal,-251.266951193,-251.2669512,2.7748314958880762e-11,543.0,0.0169,1.038e-11,match
standata,optimal,1257.6995,1257.6995,0.0,140.0,0.0023,2.665e-14,match
standgub,optimal,1257.6995,1257.6995,0.0,140.0,0.0024,2.665e-14,match
standmps,optimal,1406.0175,1406.0175,0.0,2731.0,0.035,5.849e-13,match
stocfor1,optimal,-41131.9762194,-41131.97622,1.4586770709936434e-11,94.0,0.0008,1.819e-12,match
stocfor2,optimal,-39024.4085379,-39024.40854,5.3810946281594895e-11,2150.0,0.1291,2.728e-12,match
stocfor3,optimal,-39976.7839436,-39976.78394,9.004997159794233e-11,17501.0,12.5427,1.364e-12,match
truss,optimal,458815.847186,458815.8472,3.0513243515408024e-11,18032.0,2.3522,1.137e-13,match
tuff,optimal,0.292147765094,0.292147765,7.274707817252165e-11,674.0,0.0167,1.364e-12,match
vtp.base,optimal,129831.462461,129831.4625,3.0038705747433264e-10,436.0,0.0045,4.616e-11,match
wood1p,optimal,1.44290241157,1.442902412,1.7602014450766342e-10,531.0,0.0475,1.547e-13,match
woodw,optimal,1.30447633308,1.304476333,3.471504804524702e-11,1818.0,0.1099,8.527e-14,match
